{"0":[0.0,0.002173913043478261,0.5,1.0],"1":[0.005163376017186421,0.0029985007496251873,0.5,1.0],"2":[0.045698010758301766,0.0016155088852988692,0.5,1.0],"3":[0.0,0.003278688524590164,1.0,1.0],"4":[0.018094783923909057,0.0016051364365971107,0.5,1.0],"5":[0.03990560188296272,8.410428931875525E-4,1.0,1.0],"6":[0.0,0.003048780487804878,0.5,1.0],"7":[0.0,2.1537798836958864E-4,0.0,1.0],"8":[0.18689294613778468,7.791195948578107E-4,1.0,1.0],"9":[0.0,0.01,1.0,1.0],"10":[0.13827546068594662,0.010416666666666666,1.0,1.0],"11":[0.1363885270558543,0.00463678516228748,1.0,1.0],"12":[0.14203220162982932,0.0026246719160104987,0.3333333333333333,1.0],"13":[0.0,5.787037037037037E-4,0.6666666666666666,1.0],"14":[0.0,0.0011723329425556857,1.0,1.0],"15":[0.0,0.0018281535648994515,0.3333333333333333,1.0],"16":[0.06008303599727423,0.013333333333333334,0.0,1.0],"17":[0.0,3.1210986267166043E-4,0.0,1.0],"18":[0.23319725433760521,0.06382978723404255,0.3333333333333333,1.0],"19":[0.2916666666666667,0.0425531914893617,0.6666666666666666,1.0],"20":[0.09101345974926946,0.0012453300124533001,0.5,1.0],"21":[0.05066311894866542,8.9632506722438E-4,1.0,1.0],"22":[0.0,8.741258741258741E-4,1.0,1.0],"23":[0.08587462187803134,0.010526315789473684,0.5,1.0],"24":[0.0,0.012195121951219513,0.3333333333333333,1.0],"25":[null,0.0,0.0,1.0],"26":[0.0525165713726752,9.66183574879227E-4,1.0,1.0],"27":[0.19281339672375167,0.024,0.75,1.0],"28":[0.0,0.007633587786259542,1.0,1.0],"29":[0.0,8.771929824561404E-4,1.0,1.0],"30":[0.16063070221475795,7.701193685021178E-4,1.0,1.0],"31":[0.0,0.005235602094240838,1.0,1.0],"32":[0.0,3.6927621861152144E-4,1.0,1.0],"33":[0.0,0.0015151515151515152,1.0,1.0],"34":[0.10146139719408644,0.034482758620689655,0.0,1.0],"35":[0.24154715876961103,0.007017543859649123,1.0,1.0],"36":[0.24190624952378206,0.014336917562724014,1.0,1.0],"37":[0.0,0.0025188916876574307,0.3333333333333333,1.0],"38":[0.0,4.522840343735866E-4,0.0,1.0],"39":[0.2330555005911662,0.008797653958944282,1.0,1.0],"40":[0.22615757575757578,0.002857142857142857,0.0,1.0],"41":[0.19780683106575966,0.011764705882352941,1.0,1.0],"42":[0.15767135328026105,0.004819277108433735,1.0,1.0],"43":[0.0,0.25,0.0,1.0],"44":[0.0,0.04,1.0,1.0],"45":[0.12930422988556411,0.004656577415599534,0.8,1.0],"46":[0.0999104523456417,6.653359946773121E-4,1.0,1.0],"47":[0.20030009496676163,0.04411764705882353,1.0,1.0],"48":[0.25814682952660806,8.55431993156544E-4,0.5,1.0],"49":[0.25146230087674537,0.001444043321299639,1.0,1.0],"50":[0.26422524928496255,0.011185682326621925,1.0,1.0],"51":[0.1349486649659568,0.0029985007496251873,0.0,0.0],"52":[0.0031394805342112304,0.0016155088852988692,0.0,0.0],"53":[0.0,0.003278688524590164,0.0,0.0],"54":[0.0023597402016791386,0.0016051364365971107,0.0,0.0],"55":[0.023591370698130578,5.60695262125035E-4,0.0,0.0],"56":[0.04377992690530318,0.006097560975609756,0.0,0.0],"57":[0.0,2.1537798836958864E-4,0.3333333333333333,0.0],"58":[0.020351397283393555,7.791195948578107E-4,0.0,0.0],"59":[null,0.0,0.0,0.0],"60":[0.010709771236289892,0.010416666666666666,0.0,0.0],"61":[0.0025829330607176014,0.0030911901081916537,0.3333333333333333,0.0],"62":[0.0359273604243721,0.0026246719160104987,0.0,0.0],"63":[0.0,5.787037037037037E-4,0.0,0.0],"64":[0.0,0.0011723329425556857,0.0,0.0],"65":[0.0,0.0018281535648994515,0.0,0.0],"66":[0.05008677168271591,0.013333333333333334,0.0,0.0],"67":[0.0,3.1210986267166043E-4,0.0,0.0],"68":[0.06565998329156224,0.0425531914893617,0.3333333333333333,0.0],"69":[0.017371293580971,0.0425531914893617,0.3333333333333333,0.0],"70":[0.06976606073486308,8.302200083022001E-4,0.0,0.0],"71":[0.006108804056438556,5.975500448162533E-4,0.0,0.0],"72":[0.06110841729484361,0.0017482517482517483,0.0,0.0],"73":[0.023631559547429785,0.010526315789473684,0.25,0.0],"74":[0.0,0.012195121951219513,0.0,0.0],"75":[0.0,0.006802721088435374,0.0,0.0],"76":[0.03699333257984237,9.66183574879227E-4,0.5,0.0],"77":[0.016413690476190474,0.016,0.0,0.0],"78":[0.02990330747683689,0.015267175572519083,0.0,0.0],"79":[0.0,8.771929824561404E-4,0.0,0.0],"80":[0.008864057083731882,7.701193685021178E-4,0.0,0.0],"81":[0.0,0.005235602094240838,0.0,0.0],"82":[0.0,3.6927621861152144E-4,0.0,0.0],"83":[0.0,0.0015151515151515152,0.0,0.0],"84":[0.09419033695349487,0.022988505747126436,0.0,0.0],"85":[0.0,0.0035087719298245615,0.5,0.0],"86":[0.06887618779266758,0.007168458781362007,0.0,0.0],"87":[0.0,0.0025188916876574307,0.0,0.0],"88":[0.01796760611100706,9.045680687471732E-4,0.0,0.0],"89":[0.04200124235330401,0.008797653958944282,0.0,0.0],"90":[0.0,0.0014285714285714286,0.25,0.0],"91":[0.03171128966818622,0.011764705882352941,0.0,0.0],"92":[0.05240572063294844,0.004819277108433735,0.0,0.0],"93":[null,0.0,0.0,0.0],"94":[0.05726495726495728,0.08,0.0,0.0],"95":[0.02354436392830345,0.0034924330616996507,0.0,0.0],"96":[0.03026133727417852,4.99001996007984E-4,0.0,0.0],"97":[0.05698863636363636,0.029411764705882353,0.0,0.0],"98":[0.03221974358819591,8.55431993156544E-4,0.0,0.0],"99":[0.03122797514408516,0.0021660649819494585,0.0,0.0],"100":[0.15164994319643543,0.006711409395973154,0.4,0.0]}