{"0":[0.05751751105868529,0.06739130434782609,1.0,1.0,44.96030794045621,true],"1":[0.010326752034372841,0.014992503748125937,0.5,1.0,21.07706598814116,true],"2":[0.09139602151660353,0.0420032310177706,0.5,1.0,25.047867341728708,true],"3":[0.0,0.06557377049180328,1.0,1.0,42.85714285714286,true],"4":[0.03618956784781811,0.011235955056179775,0.5,0.8823529411764707,19.149600243263873,true],"5":[0.05985840282444408,0.010746659190729837,1.0,1.0000000000000002,43.01899662356984,true],"6":[0.09664081190297993,0.0350609756097561,0.5,1.0,24.456786433838833,true],"7":[0.0,0.04178332974370019,0.0,0.9999999999999999,2.4464060529634293,true],"8":[0.37378589227556935,0.02999610440202571,1.0,0.9036144578313252,47.83389022280137,true],"9":[0.05995903737839222,0.009999999999999998,0.0,1.0,2.6774312625775494,true],"10":[0.27655092137189324,0.013020833333333334,1.0,0.9615384615384615,46.908775951625955,true],"11":[0.20458279058378143,0.008758371973209686,1.0,1.0,48.62950584907305,true],"12":[0.28406440325965865,0.03608923884514436,0.3333333333333333,0.8928571428571428,21.193463698378146,true],"13":[0.0,0.06944444444444445,0.6666666666666666,1.0,30.57334056791463,true],"14":[0.0,0.04337631887456037,1.0,1.0,42.29338842975206,true],"15":[0.0,0.04753199268738574,0.3333333333333333,1.0,15.689828801611277,true],"16":[0.09012455399591134,0.017777777777777778,0.0,0.9615384615384616,4.145062031516952,true],"17":[0.0,0.0024968789013732834,0.0,1.0,0.14462187405845134,true],"18":[0.3497958815064078,0.08510638297872339,0.3333333333333333,0.9259259259259259,26.67282414358438,true],"19":[0.5833333333333334,0.0851063829787234,0.6666666666666666,1.0,45.64814814814815,true],"20":[0.13652018962390416,0.0164660301646603,0.5,0.5859375,15.470950363486166,true],"21":[0.07599467842299812,0.021412209939249076,1.0,1.0,44.28184375159353,true],"22":[0.039319545765873945,0.027097902097902096,1.0,1.0,42.65694935947344,true],"23":[0.17174924375606268,0.039473684210526314,0.5,0.8720930232558141,23.221994606465802,true],"24":[0.0,0.07317073170731707,0.3333333333333333,1.0,15.160744500846024,true],"26":[0.1050331427453504,0.031159420289855074,1.0,0.4261363636363636,19.1429664760293,true],"27":[0.28922009508562746,0.06933333333333333,0.75,1.0,43.73547047009177,true],"28":[0.11769725804097113,0.1183206106870229,1.0,0.75,35.483554159580386,true],"29":[0.0,0.13333333333333333,1.0,1.0,47.266932270916335,true],"30":[0.3212614044295159,0.0693107431651906,1.0,1.0,53.62014301784123,true],"31":[0.0,0.14136125654450263,1.0,1.0,45.294117647058826,true],"32":[0.0,0.10302806499261448,1.0,1.0,45.92986184909671,true],"33":[0.0,0.05454545454545454,1.0,1.0,42.78709677419355,true],"34":[0.15219209579112963,0.03065134099616858,0.0,1.0,6.879763039565978,true],"35":[0.48309431753922205,0.12631578947368421,1.0,1.0,59.89282952617666,true],"36":[0.3225416660317094,0.05465949820788531,1.0,0.9493670886075949,53.95890189570345,true],"37":[0.0,0.09319899244332494,0.3333333333333333,1.0,17.669270833333332,true],"38":[0.02390565044615915,0.03075531433740389,0.0,1.0,2.4712537782171045,true],"39":[0.34958325088674924,0.08895405669599217,1.0,0.8928571428571429,51.76299830861198,true],"40":[0.45231515151515156,0.004285714285714286,0.0,0.9740259740259739,13.432123481649416,true],"41":[0.39561366213151933,0.04411764705882353,1.0,1.0,53.447357232366635,true],"42":[0.3153427065605221,0.07108433734939759,1.0,1.0,52.7999038383251,true],"43":[0.0,0.25,0.0,1.0,0.5042016806722688,true],"44":[0.0,0.12,1.0,1.0,41.285714285714285,true],"45":[0.16148775272293164,0.012339930151338767,1.0,0.8928571428571428,43.21820494949261,true],"46":[0.1332139364608556,0.0068612774451097805,1.0,1.0,46.398576871438685,true],"47":[0.3004501424501424,0.058823529411764705,1.0,1.0,53.32948110784177,true],"48":[0.5162936590532161,0.08062446535500428,0.5,1.0,40.09949057061809,true],"49":[0.10273914226721273,0.03140794223826715,1.0,1.0,46.36326140202458,true],"50":[0.3302815616062032,0.03579418344519016,1.0,1.0,57.56170001047853,true],"51":[0.2698973299319136,0.019490254872563718,0.0,0.974025974025974,8.858145149221146,false],"52":[0.006278961068422461,0.01494345718901454,0.0,1.0,1.0087679451347138,false],"53":[0.0,0.009836065573770493,0.0,1.0,0.4285714285714286,false],"54":[0.004719480403358277,0.009229534510433388,0.0,1.0,0.6485645737465969,false],"55":[0.047182741396261156,0.01934398654331371,0.0,1.0,2.53987116095356,false],"56":[0.08755985381060637,0.0350609756097561,0.0,0.8522727272727273,3.5662139412508185,false],"57":[0.09522307362599886,0.025845358604350634,0.3333333333333333,1.0,17.703266399616453,false],"58":[0.04070279456678711,0.012855473315153876,0.0,0.8823529411764706,1.7288284152005826,false],"60":[0.021419542472579784,0.015625,0.0,0.9740259740259739,1.1969858692387363,false],"61":[0.005165866121435203,0.0030911901081916537,0.3333333333333333,1.0,13.645789631937019,false],"62":[0.0718547208487442,0.01968503937007874,0.0,0.8620689655172414,2.742989133734184,false],"63":[0.0,0.007523148148148148,0.0,1.0,0.42322300596852946,false],"64":[0.0,0.015240328253223915,0.0,1.0,0.8057851239669421,false],"65":[0.0,0.007312614259597806,0.0,1.0,0.36253776435045315,false],"66":[0.07513015752407386,0.023703703703703703,0.0,1.0,3.94638277155119,false],"67":[0.0,0.005930087390761548,0.0,1.0,0.3434769508888219,false],"68":[0.13131996658312448,0.06382978723404255,0.3333333333333333,0.9740259740259739,17.906535820069653,false],"69":[0.034742587161942,0.0425531914893617,0.3333333333333333,0.9740259740259741,14.723719177531494,false],"70":[0.13953212146972616,0.0253217102532171,0.0,1.0,5.636042883394478,false],"71":[0.012217608112877112,0.00627427547057066,0.0,0.9036144578313253,0.6600720330029173,false],"72":[0.12221683458968723,0.04195804195804196,0.0,0.7281553398058253,4.335462249928179,false],"73":[0.04726311909485957,0.042105263157894736,0.25,1.0,12.991664064649067,false],"74":[0.0,0.024390243902439025,0.0,1.0,0.6091370558375635,false],"75":[0.0,0.02040816326530612,0.0,1.0,0.6870229007633587,false],"76":[0.07398666515968474,0.04106280193236715,0.5,0.5555555555555556,13.640942258127978,false],"77":[0.03282738095238095,0.024,0.0,0.9740259740259739,1.689761131725417,false],"78":[0.05980661495367378,0.019083969465648856,0.0,0.9868421052631579,2.372323565300515,false],"79":[0.0,0.005263157894736842,0.0,1.0,0.28685258964143423,false],"80":[0.017728114167463765,0.015594917212167885,0.0,0.7352941176470588,1.049897885396292,false],"81":[0.0,0.031413612565445025,0.0,1.0,1.1764705882352942,false],"82":[0.0,0.00775480059084195,0.0,1.0000000000000002,0.4463336875664188,false],"83":[0.0,0.015151515151515152,0.0,1.0,0.7741935483870968,false],"84":[0.18838067390698973,0.040229885057471264,0.0,0.9868421052631579,6.6029843857951285,false],"85":[0.0823429077111695,0.07192982456140351,0.5,1.0,25.545287231335084,false],"86":[0.13775237558533515,0.02867383512544803,0.0,0.8823529411764706,4.721334158148689,false],"87":[0.0,0.005037783375314861,0.0,1.0,0.234375,false],"88":[0.03593521222201412,0.021483491632745363,0.0,0.7352941176470589,1.6936292767349104,false],"89":[0.06300186352995601,0.024437927663734114,0.0,0.9375,3.3905304086891395,false],"90":[0.0,0.02,0.25,1.0,11.030674846625768,false],"91":[0.06342257933637244,0.03235294117647059,0.0,1.0,3.0605721169332787,false],"92":[0.10481144126589688,0.02530120481927711,0.0,0.9615384615384615,4.166367772365312,false],"94":[0.11452991452991455,0.08,0.0,1.0,4.293040293040294,false],"95":[0.03531654589245517,0.016686069072564997,0.0,1.0,2.2956187145483096,false],"96":[0.045392005911267776,0.018740297183410956,0.0,0.4716981132075472,1.376883698255903,false],"97":[0.11397727272727272,0.03676470588235294,0.0,0.9868421052631579,4.183214124637226,false],"98":[0.06443948717639182,0.014328485885372113,0.0,1.0,2.752589425727955,false],"99":[0.046841962716127734,0.01684717208182912,0.0,1.0,2.8070118419784422,false],"100":[0.22747491479465312,0.03206562266964951,0.4,1.0,26.629245702106413,false],